tabla,columna,tipo_dato,admite_nulos,es_clave_primaria,registros_tabla,descripcion_negocio,regla_negocio,sensibilidad,origen,linaje,transformacion_aplicada,caso
clientes_limpio,id_cliente,INTEGER,Si,No,200,Identificador único del huésped en el sistema hotelero.,"Único, no nulo. No se reasigna a otro huésped.",Interno,caso_legacy.db,caso_legacy.db -> ETL Semana 10 -> caso_migrado.db.clientes_limpio,Sin transformacion: se migro tal cual.,05_hotel_andes_stay
clientes_limpio,codigo_cliente,TEXT,Si,No,200,Código de registro interno del huésped.,Formato obligatorio 'C' seguido de 4 dígitos (ej. C0001). Único por cliente.,Interno,caso_legacy.db,caso_legacy.db -> ETL Semana 10 -> caso_migrado.db.clientes_limpio,Sin transformacion: se migro tal cual.,05_hotel_andes_stay
clientes_limpio,tipo_documento,TEXT,Si,No,200,Tipo de documento oficial de identidad presentado en el check-in.,"Valores permitidos: DNI, CE, RUC. Obligatorio por normativa de registro hotelero (MINCETUR).",Interno,caso_legacy.db,caso_legacy.db -> ETL Semana 10 -> caso_migrado.db.clientes_limpio,Sin transformacion: se migro tal cual.,05_hotel_andes_stay
clientes_limpio,num_documento,TEXT,Si,No,200,Número de documento de identidad del huésped.,"DNI de 8 dígitos, RUC de 11 dígitos o formato numérico válido para CE. No nulo y único.",Confidencial,caso_legacy.db,caso_legacy.db -> ETL Semana 10 -> caso_migrado.db.clientes_limpio,Se eliminaron los registros con documento duplicado.,05_hotel_andes_stay
clientes_limpio,nombres,TEXT,Si,No,200,Nombres completos del huésped registrados en recepción.,Solo letras y espacios. Debe almacenarse estandarizado en formato Título.,Interno,caso_legacy.db,caso_legacy.db -> ETL Semana 10 -> caso_migrado.db.clientes_limpio,Se quitaron espacios y se paso a formato Titulo.,05_hotel_andes_stay
clientes_limpio,apellidos,TEXT,Si,No,200,Apellidos completos del huésped.,Solo letras y espacios. Requerido obligatoriamente para emisión de comprobantes de pago.,Interno,caso_legacy.db,caso_legacy.db -> ETL Semana 10 -> caso_migrado.db.clientes_limpio,Se quitaron espacios y se paso a formato Titulo.,05_hotel_andes_stay
clientes_limpio,correo,TEXT,Si,No,200,Correo electrónico de contacto para confirmaciones de reserva y comprobantes.,Debe contener '@' y un dominio válido. Requiere consentimiento expreso (Ley 29733).,Confidencial,caso_legacy.db,caso_legacy.db -> ETL Semana 10 -> caso_migrado.db.clientes_limpio,Los correos invalidos se anularon y se marcaron SIN CORREO REGISTRADO.,05_hotel_andes_stay
clientes_limpio,telefono,TEXT,Si,No,200,Número telefónico de contacto del huésped para coordinaciones de llegada.,Formato de 9 dígitos numéricos para móviles locales y código de país si es extranjero.,Confidencial,caso_legacy.db,caso_legacy.db -> ETL Semana 10 -> caso_migrado.db.clientes_limpio,Los telefonos vacios se rellenaron con 000000000.,05_hotel_andes_stay
clientes_limpio,distrito,TEXT,Si,No,200,Distrito de residencia habitual o procedencia declarada por el huésped.,Debe coincidir con la lista oficial de distritos de Lima o registrar provincia/extranjero.,Interno,caso_legacy.db,caso_legacy.db -> ETL Semana 10 -> caso_migrado.db.clientes_limpio,Sin transformacion: se migro tal cual.,05_hotel_andes_stay
clientes_limpio,segmento,TEXT,Si,No,200,Categorización comercial del huésped según su perfil de viaje y recurrencia.,"Valores permitidos: Regular, Preferente, Nuevo, Corporativo. Determina beneficios.",Interno,caso_legacy.db,caso_legacy.db -> ETL Semana 10 -> caso_migrado.db.clientes_limpio,Sin transformacion: se migro tal cual.,05_hotel_andes_stay
clientes_limpio,fecha_registro,TEXT,Si,No,200,Fecha de alta del huésped en el sistema de Hotel Andes Stay.,Formato AAAA-MM-DD. Debe ser igual o menor a la fecha de su primera operación.,Interno,caso_legacy.db,caso_legacy.db -> ETL Semana 10 -> caso_migrado.db.clientes_limpio,Sin transformacion: se migro tal cual.,05_hotel_andes_stay
clientes_limpio,nacionalidad,TEXT,Si,No,200,País de origen o nacionalidad declarada por el huésped.,Clasificado como Dato Personal (Ley 29733). Obligatorio para el reporte MINCETUR.,Confidencial,caso_legacy.db,caso_legacy.db -> ETL Semana 10 -> caso_migrado.db.clientes_limpio,Sin transformacion: se migro tal cual.,05_hotel_andes_stay
clientes_limpio,correo_fue_corregido,INTEGER,Si,No,200,PENDIENTE DE DOCUMENTAR,PENDIENTE DE DOCUMENTAR,Interno,caso_legacy.db,caso_legacy.db -> ETL Semana 10 -> caso_migrado.db.clientes_limpio,COLUMNA NUEVA creada por el ETL de la S10.,05_hotel_andes_stay
detalle_operacion,id_detalle,INTEGER,Si,No,2463,PENDIENTE DE DOCUMENTAR,PENDIENTE DE DOCUMENTAR,Interno,caso_legacy.db,caso_legacy.db -> Copia directa -> caso_migrado.db.detalle_operacion,Sin transformacion: se copio tal cual desde el origen.,05_hotel_andes_stay
detalle_operacion,id_operacion,INTEGER,Si,No,2463,PENDIENTE DE DOCUMENTAR,PENDIENTE DE DOCUMENTAR,Interno,caso_legacy.db,caso_legacy.db -> Copia directa -> caso_migrado.db.detalle_operacion,Sin transformacion: se copio tal cual desde el origen.,05_hotel_andes_stay
detalle_operacion,id_producto,INTEGER,Si,No,2463,PENDIENTE DE DOCUMENTAR,PENDIENTE DE DOCUMENTAR,Interno,caso_legacy.db,caso_legacy.db -> Copia directa -> caso_migrado.db.detalle_operacion,Sin transformacion: se copio tal cual desde el origen.,05_hotel_andes_stay
detalle_operacion,cantidad,INTEGER,Si,No,2463,PENDIENTE DE DOCUMENTAR,PENDIENTE DE DOCUMENTAR,Interno,caso_legacy.db,caso_legacy.db -> Copia directa -> caso_migrado.db.detalle_operacion,Sin transformacion: se copio tal cual desde el origen.,05_hotel_andes_stay
detalle_operacion,precio_unitario,REAL,Si,No,2463,PENDIENTE DE DOCUMENTAR,PENDIENTE DE DOCUMENTAR,Interno,caso_legacy.db,caso_legacy.db -> Copia directa -> caso_migrado.db.detalle_operacion,Sin transformacion: se copio tal cual desde el origen.,05_hotel_andes_stay
detalle_operacion,subtotal,REAL,Si,No,2463,PENDIENTE DE DOCUMENTAR,PENDIENTE DE DOCUMENTAR,Interno,caso_legacy.db,caso_legacy.db -> Copia directa -> caso_migrado.db.detalle_operacion,Sin transformacion: se copio tal cual desde el origen.,05_hotel_andes_stay
empleados,id_empleado,INTEGER,Si,No,40,PENDIENTE DE DOCUMENTAR,PENDIENTE DE DOCUMENTAR,Interno,caso_legacy.db,caso_legacy.db -> Copia directa -> caso_migrado.db.empleados,Sin transformacion: se copio tal cual desde el origen.,05_hotel_andes_stay
empleados,codigo_empleado,TEXT,Si,No,40,PENDIENTE DE DOCUMENTAR,PENDIENTE DE DOCUMENTAR,Interno,caso_legacy.db,caso_legacy.db -> Copia directa -> caso_migrado.db.empleados,Sin transformacion: se copio tal cual desde el origen.,05_hotel_andes_stay
empleados,nombres,TEXT,Si,No,40,PENDIENTE DE DOCUMENTAR,PENDIENTE DE DOCUMENTAR,Interno,caso_legacy.db,caso_legacy.db -> Copia directa -> caso_migrado.db.empleados,Sin transformacion: se copio tal cual desde el origen.,05_hotel_andes_stay
empleados,apellidos,TEXT,Si,No,40,PENDIENTE DE DOCUMENTAR,PENDIENTE DE DOCUMENTAR,Interno,caso_legacy.db,caso_legacy.db -> Copia directa -> caso_migrado.db.empleados,Sin transformacion: se copio tal cual desde el origen.,05_hotel_andes_stay
empleados,num_documento,TEXT,Si,No,40,PENDIENTE DE DOCUMENTAR,PENDIENTE DE DOCUMENTAR,Confidencial,caso_legacy.db,caso_legacy.db -> Copia directa -> caso_migrado.db.empleados,Sin transformacion: se copio tal cual desde el origen.,05_hotel_andes_stay
empleados,cargo,TEXT,Si,No,40,PENDIENTE DE DOCUMENTAR,PENDIENTE DE DOCUMENTAR,Interno,caso_legacy.db,caso_legacy.db -> Copia directa -> caso_migrado.db.empleados,Sin transformacion: se copio tal cual desde el origen.,05_hotel_andes_stay
empleados,id_sede,INTEGER,Si,No,40,PENDIENTE DE DOCUMENTAR,PENDIENTE DE DOCUMENTAR,Interno,caso_legacy.db,caso_legacy.db -> Copia directa -> caso_migrado.db.empleados,Sin transformacion: se copio tal cual desde el origen.,05_hotel_andes_stay
empleados,correo,TEXT,Si,No,40,PENDIENTE DE DOCUMENTAR,PENDIENTE DE DOCUMENTAR,Confidencial,caso_legacy.db,caso_legacy.db -> Copia directa -> caso_migrado.db.empleados,Sin transformacion: se copio tal cual desde el origen.,05_hotel_andes_stay
empleados,sueldo,REAL,Si,No,40,PENDIENTE DE DOCUMENTAR,PENDIENTE DE DOCUMENTAR,Interno,caso_legacy.db,caso_legacy.db -> Copia directa -> caso_migrado.db.empleados,Sin transformacion: se copio tal cual desde el origen.,05_hotel_andes_stay
empleados,fecha_ingreso,TEXT,Si,No,40,PENDIENTE DE DOCUMENTAR,PENDIENTE DE DOCUMENTAR,Interno,caso_legacy.db,caso_legacy.db -> Copia directa -> caso_migrado.db.empleados,Sin transformacion: se copio tal cual desde el origen.,05_hotel_andes_stay
incidencias,id_incidencia,INTEGER,Si,No,160,PENDIENTE DE DOCUMENTAR,PENDIENTE DE DOCUMENTAR,Interno,caso_legacy.db,caso_legacy.db -> Copia directa -> caso_migrado.db.incidencias,Sin transformacion: se copio tal cual desde el origen.,05_hotel_andes_stay
incidencias,codigo_incidencia,TEXT,Si,No,160,PENDIENTE DE DOCUMENTAR,PENDIENTE DE DOCUMENTAR,Interno,caso_legacy.db,caso_legacy.db -> Copia directa -> caso_migrado.db.incidencias,Sin transformacion: se copio tal cual desde el origen.,05_hotel_andes_stay
incidencias,id_operacion,INTEGER,Si,No,160,PENDIENTE DE DOCUMENTAR,PENDIENTE DE DOCUMENTAR,Interno,caso_legacy.db,caso_legacy.db -> Copia directa -> caso_migrado.db.incidencias,Sin transformacion: se copio tal cual desde el origen.,05_hotel_andes_stay
incidencias,tipo_incidencia,TEXT,Si,No,160,PENDIENTE DE DOCUMENTAR,PENDIENTE DE DOCUMENTAR,Interno,caso_legacy.db,caso_legacy.db -> Copia directa -> caso_migrado.db.incidencias,Sin transformacion: se copio tal cual desde el origen.,05_hotel_andes_stay
incidencias,severidad,TEXT,Si,No,160,PENDIENTE DE DOCUMENTAR,PENDIENTE DE DOCUMENTAR,Interno,caso_legacy.db,caso_legacy.db -> Copia directa -> caso_migrado.db.incidencias,Sin transformacion: se copio tal cual desde el origen.,05_hotel_andes_stay
incidencias,fecha_reporte,TEXT,Si,No,160,PENDIENTE DE DOCUMENTAR,PENDIENTE DE DOCUMENTAR,Interno,caso_legacy.db,caso_legacy.db -> Copia directa -> caso_migrado.db.incidencias,Sin transformacion: se copio tal cual desde el origen.,05_hotel_andes_stay
incidencias,estado_incidencia,TEXT,Si,No,160,PENDIENTE DE DOCUMENTAR,PENDIENTE DE DOCUMENTAR,Interno,caso_legacy.db,caso_legacy.db -> Copia directa -> caso_migrado.db.incidencias,Sin transformacion: se copio tal cual desde el origen.,05_hotel_andes_stay
pagos,id_pago,INTEGER,Si,No,1000,PENDIENTE DE DOCUMENTAR,PENDIENTE DE DOCUMENTAR,Interno,caso_legacy.db,caso_legacy.db -> Copia directa -> caso_migrado.db.pagos,Sin transformacion: se copio tal cual desde el origen.,05_hotel_andes_stay
pagos,codigo_pago,TEXT,Si,No,1000,PENDIENTE DE DOCUMENTAR,PENDIENTE DE DOCUMENTAR,Interno,caso_legacy.db,caso_legacy.db -> Copia directa -> caso_migrado.db.pagos,Sin transformacion: se copio tal cual desde el origen.,05_hotel_andes_stay
pagos,id_operacion,INTEGER,Si,No,1000,PENDIENTE DE DOCUMENTAR,PENDIENTE DE DOCUMENTAR,Interno,caso_legacy.db,caso_legacy.db -> Copia directa -> caso_migrado.db.pagos,Sin transformacion: se copio tal cual desde el origen.,05_hotel_andes_stay
pagos,fecha_pago,TEXT,Si,No,1000,PENDIENTE DE DOCUMENTAR,PENDIENTE DE DOCUMENTAR,Interno,caso_legacy.db,caso_legacy.db -> Copia directa -> caso_migrado.db.pagos,Sin transformacion: se copio tal cual desde el origen.,05_hotel_andes_stay
pagos,medio_pago,TEXT,Si,No,1000,PENDIENTE DE DOCUMENTAR,PENDIENTE DE DOCUMENTAR,Interno,caso_legacy.db,caso_legacy.db -> Copia directa -> caso_migrado.db.pagos,Sin transformacion: se copio tal cual desde el origen.,05_hotel_andes_stay
pagos,monto_pagado,REAL,Si,No,1000,PENDIENTE DE DOCUMENTAR,PENDIENTE DE DOCUMENTAR,Interno,caso_legacy.db,caso_legacy.db -> Copia directa -> caso_migrado.db.pagos,Sin transformacion: se copio tal cual desde el origen.,05_hotel_andes_stay
pagos,estado_pago,TEXT,Si,No,1000,PENDIENTE DE DOCUMENTAR,PENDIENTE DE DOCUMENTAR,Interno,caso_legacy.db,caso_legacy.db -> Copia directa -> caso_migrado.db.pagos,Sin transformacion: se copio tal cual desde el origen.,05_hotel_andes_stay
productos_servicios,id_producto,INTEGER,Si,No,30,PENDIENTE DE DOCUMENTAR,PENDIENTE DE DOCUMENTAR,Interno,caso_legacy.db,caso_legacy.db -> Copia directa -> caso_migrado.db.productos_servicios,Sin transformacion: se copio tal cual desde el origen.,05_hotel_andes_stay
productos_servicios,codigo_producto,TEXT,Si,No,30,PENDIENTE DE DOCUMENTAR,PENDIENTE DE DOCUMENTAR,Interno,caso_legacy.db,caso_legacy.db -> Copia directa -> caso_migrado.db.productos_servicios,Sin transformacion: se copio tal cual desde el origen.,05_hotel_andes_stay
productos_servicios,nombre_producto,TEXT,Si,No,30,Nombre comercial del servicio u hospedaje ofertado por la cadena.,"Texto descriptivo único en el catálogo (ej. 'Habitación Suite', 'Servicio Spa').",Publico,caso_legacy.db,caso_legacy.db -> Copia directa -> caso_migrado.db.productos_servicios,Sin transformacion: se copio tal cual desde el origen.,05_hotel_andes_stay
productos_servicios,categoria,TEXT,Si,No,30,Clasificación del servicio en el catálogo de la empresa.,"Valores permitidos: Habitación, Restaurante, Spa, Transporte, Eventos.",Publico,caso_legacy.db,caso_legacy.db -> Copia directa -> caso_migrado.db.productos_servicios,Sin transformacion: se copio tal cual desde el origen.,05_hotel_andes_stay
productos_servicios,precio_base,REAL,Si,No,30,Tarifa estándar por noche de hospedaje o costo unitario del servicio.,Monto numérico estrictamente positivo (> 0) expresado en Soles (PEN).,Publico,caso_legacy.db,caso_legacy.db -> Copia directa -> caso_migrado.db.productos_servicios,Sin transformacion: se copio tal cual desde el origen.,05_hotel_andes_stay
productos_servicios,activo,INTEGER,Si,No,30,PENDIENTE DE DOCUMENTAR,PENDIENTE DE DOCUMENTAR,Publico,caso_legacy.db,caso_legacy.db -> Copia directa -> caso_migrado.db.productos_servicios,Sin transformacion: se copio tal cual desde el origen.,05_hotel_andes_stay
sedes,id_sede,INTEGER,Si,No,6,PENDIENTE DE DOCUMENTAR,PENDIENTE DE DOCUMENTAR,Interno,caso_legacy.db,caso_legacy.db -> Copia directa -> caso_migrado.db.sedes,Sin transformacion: se copio tal cual desde el origen.,05_hotel_andes_stay
sedes,codigo_sede,TEXT,Si,No,6,PENDIENTE DE DOCUMENTAR,PENDIENTE DE DOCUMENTAR,Interno,caso_legacy.db,caso_legacy.db -> Copia directa -> caso_migrado.db.sedes,Sin transformacion: se copio tal cual desde el origen.,05_hotel_andes_stay
sedes,nombre_sede,TEXT,Si,No,6,PENDIENTE DE DOCUMENTAR,PENDIENTE DE DOCUMENTAR,Interno,caso_legacy.db,caso_legacy.db -> Copia directa -> caso_migrado.db.sedes,Sin transformacion: se copio tal cual desde el origen.,05_hotel_andes_stay
sedes,distrito_sede,TEXT,Si,No,6,PENDIENTE DE DOCUMENTAR,PENDIENTE DE DOCUMENTAR,Interno,caso_legacy.db,caso_legacy.db -> Copia directa -> caso_migrado.db.sedes,Sin transformacion: se copio tal cual desde el origen.,05_hotel_andes_stay
sedes,responsable,TEXT,Si,No,6,PENDIENTE DE DOCUMENTAR,PENDIENTE DE DOCUMENTAR,Interno,caso_legacy.db,caso_legacy.db -> Copia directa -> caso_migrado.db.sedes,Sin transformacion: se copio tal cual desde el origen.,05_hotel_andes_stay
ventas_limpia,id_operacion,INTEGER,Si,No,1010,PENDIENTE DE DOCUMENTAR,PENDIENTE DE DOCUMENTAR,Interno,caso_legacy.db,caso_legacy.db -> ETL Semana 10 -> caso_migrado.db.ventas_limpia,Sin transformacion: se migro tal cual.,05_hotel_andes_stay
ventas_limpia,codigo_operacion,TEXT,Si,No,1010,PENDIENTE DE DOCUMENTAR,PENDIENTE DE DOCUMENTAR,Interno,caso_legacy.db,caso_legacy.db -> ETL Semana 10 -> caso_migrado.db.ventas_limpia,Sin transformacion: se migro tal cual.,05_hotel_andes_stay
ventas_limpia,id_cliente,INTEGER,Si,No,1010,PENDIENTE DE DOCUMENTAR,PENDIENTE DE DOCUMENTAR,Interno,caso_legacy.db,caso_legacy.db -> ETL Semana 10 -> caso_migrado.db.ventas_limpia,Sin transformacion: se migro tal cual.,05_hotel_andes_stay
ventas_limpia,id_sede,INTEGER,Si,No,1010,PENDIENTE DE DOCUMENTAR,PENDIENTE DE DOCUMENTAR,Interno,caso_legacy.db,caso_legacy.db -> ETL Semana 10 -> caso_migrado.db.ventas_limpia,Sin transformacion: se migro tal cual.,05_hotel_andes_stay
ventas_limpia,id_empleado,REAL,Si,No,1010,PENDIENTE DE DOCUMENTAR,PENDIENTE DE DOCUMENTAR,Interno,caso_legacy.db,caso_legacy.db -> ETL Semana 10 -> caso_migrado.db.ventas_limpia,Sin transformacion: se migro tal cual.,05_hotel_andes_stay
ventas_limpia,fecha_operacion,TEXT,Si,No,1010,PENDIENTE DE DOCUMENTAR,PENDIENTE DE DOCUMENTAR,Interno,caso_legacy.db,caso_legacy.db -> ETL Semana 10 -> caso_migrado.db.ventas_limpia,Sin transformacion: se migro tal cual.,05_hotel_andes_stay
ventas_limpia,canal,TEXT,Si,No,1010,PENDIENTE DE DOCUMENTAR,PENDIENTE DE DOCUMENTAR,Interno,caso_legacy.db,caso_legacy.db -> ETL Semana 10 -> caso_migrado.db.ventas_limpia,Sin transformacion: se migro tal cual.,05_hotel_andes_stay
ventas_limpia,estado,TEXT,Si,No,1010,PENDIENTE DE DOCUMENTAR,PENDIENTE DE DOCUMENTAR,Interno,caso_legacy.db,caso_legacy.db -> ETL Semana 10 -> caso_migrado.db.ventas_limpia,Sin transformacion: se migro tal cual.,05_hotel_andes_stay
ventas_limpia,monto_total,REAL,Si,No,1010,PENDIENTE DE DOCUMENTAR,PENDIENTE DE DOCUMENTAR,Interno,caso_legacy.db,caso_legacy.db -> ETL Semana 10 -> caso_migrado.db.ventas_limpia,Sin transformacion: se migro tal cual.,05_hotel_andes_stay
ventas_limpia,monto_original,REAL,Si,No,1010,PENDIENTE DE DOCUMENTAR,PENDIENTE DE DOCUMENTAR,Interno,caso_legacy.db,caso_legacy.db -> ETL Semana 10 -> caso_migrado.db.ventas_limpia,Sin transformacion: se migro tal cual.,05_hotel_andes_stay
ventas_limpia,monto_ajustado,REAL,Si,No,1010,PENDIENTE DE DOCUMENTAR,PENDIENTE DE DOCUMENTAR,Interno,caso_legacy.db,caso_legacy.db -> ETL Semana 10 -> caso_migrado.db.ventas_limpia,COLUMNA NUEVA creada por el ETL de la S10.,05_hotel_andes_stay
ventas_limpia,monto_fue_ajustado,INTEGER,Si,No,1010,PENDIENTE DE DOCUMENTAR,PENDIENTE DE DOCUMENTAR,Interno,caso_legacy.db,caso_legacy.db -> ETL Semana 10 -> caso_migrado.db.ventas_limpia,COLUMNA NUEVA creada por el ETL de la S10.,05_hotel_andes_stay
ventas_limpia,cliente_valido,INTEGER,Si,No,1010,PENDIENTE DE DOCUMENTAR,PENDIENTE DE DOCUMENTAR,Interno,caso_legacy.db,caso_legacy.db -> ETL Semana 10 -> caso_migrado.db.ventas_limpia,COLUMNA NUEVA creada por el ETL de la S10.,05_hotel_andes_stay
ventas_limpia,empleado_valido,INTEGER,Si,No,1010,PENDIENTE DE DOCUMENTAR,PENDIENTE DE DOCUMENTAR,Interno,caso_legacy.db,caso_legacy.db -> ETL Semana 10 -> caso_migrado.db.ventas_limpia,COLUMNA NUEVA creada por el ETL de la S10.,05_hotel_andes_stay
